smiles_1,smiles_2,type,r,k,Unnamed: 5,Unnamed: 6,ring,Unnamed: 8
OCC,[NH]C(C)=O,1,0.3,30000,,,b1,AEA
[NH]C(C)=O,CCC,1,0.3,6500,,,b2,
CCC,C=CC,1,0.35,4000,,,b3,
C=CC,C=CC,1,0.34,9000,,,b4,
C=CC,CCCC,1,0.42,5000,,,b7,
C=C,C/C=C(C)\C,1,0.337,10000,,,,
C/C=C(C)\C,C/C=C(C)\C,1,0.481,10000,,,,
C[NH]C=O,C[NH]C=O,1,0.36,8000,,ALA,,
C[NH]C=O,CC,1,0.27,20000,CONSTRAIN,ALA,,
C[NH]C=O,CCC,1,0.33,5000,,ARG,,
CCC,[NH]C(N)=[NH2+],1,0.38,5000,,AAR,,
C[NH]C=O,CC(N)=O,1,0.352,5000,,ASN,,
C[NH]C=O,CC(O)=O,1,0.352,7500,,ASP,,
C[NH]C=O,CS,1,0.341,7500,,CYS,,
CCC(N)=O,C[NH]C=O,1,0.4,5000,,GLN,,
C[NH]C=O,CCC([O])=O,1,0.4,5000,,GLU,,
C[NH]C=O,C=C,1,0.336,7500,,HIS,,
C[NH]C=O,CCCC,1,0.341,20000,CONSTRAIN,ILE,,
C[NH]C=O,CC(C)C,1,0.363,7500,,LEU,,
CCC,C[NH3+],1,0.36,5000,,LYS,,
C[NH]C=O,CCSC,1,0.4,2500,,MET,,
[O][Si](C)C,[O][Si](C)C,1,0.448,11150,,PDMS,,
CCCC,CCCC,1,0.46,2100,,PE,,
COC,COC,1,0.36,7000,,PEG,,
O=COC,CC,1,0.365,8000,,PMA,,
CC,CC,1,0.253,8000,,,,
CCC,O=COC,1,0.352,9000,,PMMA,,
CCC,CCC,1,0.315,4000,,,,
c1ccccc1,C#C,1,0.234,9000,,PPE,,
CC,c1ccccc1,1,0.27,8000,,PS,,
CCO,CCO,1,0.3,8000,,PVA,,
C[NH]C=O,CO,1,0.287,7500,,,,
C[NH]C=O,OCC,1,0.305,20000,CONSTRAIN,THR,,
C[NH]C=O,c1ccccc1,1,0.325,5000,,TYR,,
C[Si](C)O,C[Si](C)O,1,0.447,11000,,,,
C[Si](C)(O)O,C[Si](C)O,1,0.446,11500,,,,
O[Si],C[Si](C)O,1,0.246,12500,,,,
CCCC,CCCC,1,0.47,3800,bonds,martini3_lipidome_repo,BOND_000002,PHO
CCCC,CCCC,1,0.47,5000,bonds,martini3_ionizable_lipids_repo,BOND_000005,Ester
CCCC,CCCC,1,0.5,5000,bonds,martini3_ionizable_lipids_repo,BOND_000007,Ester
CCCC,CCCC,1,0.55,2500,bonds,martini3_ionizable_lipids_repo,BOND_000008,EP
CCC,CCCC,1,0.47,5000,bonds,martini3_ionizable_lipids_repo,BOND_000010,DBAE
C=CC,CCCC,1,0.47,3800,bonds,mad_martini3001,BOND_000011,DAPA
CCCC,C=CCC,1,0.47,5000,bonds,martini3_ionizable_lipids_repo,BOND_000012,Ester
CCSS,CCCC,1,0.55,2500,bonds,martini3_ionizable_lipids_repo,BOND_000016,EP
CN(C)C,CCCC,1,0.45,2500,bonds,martini3_ionizable_lipids_repo,BOND_000017,PI
COC=O,CCCCC,1,0.47,3600,bonds,mad_martini3001,BOND_000018,DBPA
COC=O,CCCCC,1,0.47,5000,bonds,martini3_core_release,BOND_000019,DTPC
CCCC,CN(C)C,1,0.46,7000,bonds,martini3_lipidome_repo,BOND_000021,HPI
C[N+](C)C,CCCC,1,0.43,2000,bonds,martini3_ionizable_lipids_repo,BOND_000023,ALC
CNC=O,CCCC,1,0.43,5000,bonds,martini3_ionizable_lipids_repo,BOND_000024,CA
C[N+](C)C,CCCC,1,0.45,2500,bonds,martini3_ionizable_lipids_repo,BOND_000025,PP_01
CCC,CCCC,1,0.37,5000,bonds,martini3_ionizable_lipids_repo,BOND_000027,B1
CCC,CCCC,1,0.455,5000,bonds,martini3_ionizable_lipids_repo,BOND_000029,MC3
C[N+](C)C,CCCC,1,0.45,3000,bonds,martini3_ionizable_lipids_repo,BOND_000035,RN
C[N+](C)C,CCCCC,1,0.45,4000,bonds,martini3_ionizable_lipids_repo,BOND_000036,RN
CO,CCCC,1,0.37,5000,bonds,martini3_ionizable_lipids_repo,BOND_000037,DBNE
CCO,CCCC,1,0.37,5000,bonds,martini3_ionizable_lipids_repo,BOND_000038,Ester
COC=O,CCCC,1,0.47,5000,bonds,martini3_ionizable_lipids_repo,BOND_000039,EA
CCCC,CC(=O)O,1,0.37,5000,bonds,martini3_ionizable_lipids_repo,BOND_000040,Ester
COC=O,CCCC,1,0.47,2500,bonds,martini3_ionizable_lipids_repo,BOND_000041,AE
CCCC,CC(=O)O,1,0.5,5000,bonds,martini3_ionizable_lipids_repo,BOND_000043,C1_ester_C1
CCCC,CN(C)C,1,0.385,7000,bonds,martini3_lipidome_repo,BOND_000045,HXI
CCC,CCC,1,0.47,5000,bonds,martini3_ionizable_lipids_repo,BOND_000078,DNAE
C[N+](C)C,CCCC,1,0.37,5000,bonds,martini3_ionizable_lipids_repo,BOND_000089,ES
C[N+](C)C,CCCC,1,0.47,2500,bonds,martini3_ionizable_lipids_repo,BOND_000090,DBAE
C[N+](C)C,CCCC,1,0.47,5000,bonds,martini3_ionizable_lipids_repo,BOND_000091,EA
C[N+](C)C,CCCC,1,0.5,2500,bonds,martini3_ionizable_lipids_repo,BOND_000092,AE
C[N+](C)C,CCCC,1,0.52,2500,bonds,martini3_ionizable_lipids_repo,BOND_000093,A3D
COC=O,C.CC,1,0.37,2500,bonds,martini3_ionizable_lipids_repo,BOND_000095,DMG
CC(=O)O,CCCC,1,0.4,2500,bonds,martini3_ionizable_lipids_repo,BOND_000098,DMG
CCCC,CC(=O)O,1,0.42,2500,bonds,martini3_ionizable_lipids_repo,BOND_000099,DBAE
CCCC,CC(=O)O,1,0.45,2500,bonds,martini3_ionizable_lipids_repo,BOND_000100,DBPI
C[N+](C)C,CCCC,1,0.5,5000,bonds,martini3_ionizable_lipids_repo,BOND_000104,LI2
cC(C)C,cc,1,0.377,constraint,constraints,martini3_small_molecules_repo,BOND_000117,PCYM
C=CC,C=CCC,1,0.47,3800,bonds,mad_martini3001,BOND_000118,DAPA
COC=O,C=CC,1,0.47,3600,bonds,mad_martini3001,BOND_000120,DAPA
COC=O,C=CC,1,0.47,5000,bonds,mad_martini3001,BOND_000121,DAPA
CC(=O)O,CC=CCC,1,0.5,5000,bonds,martini3_ionizable_lipids_repo,BOND_000122,C4h_ester_C4h
CC(=O)O,CCSS,1,0.37,5000,bonds,martini3_ionizable_lipids_repo,BOND_000125,EP
C[N+](C)C,CCO,1,0.37,5000,bonds,martini3_ionizable_lipids_repo,BOND_000144,ALC
C[N+](C)C,CN(C)C,1,0.37,2500,bonds,martini3_ionizable_lipids_repo,BOND_000146,DBPI
C[N+](C)C,C[N+](C)C,1,0.37,2500,bonds,martini3_ionizable_lipids_repo,BOND_000148,PP_01
COC=O,COC=O,1,0.312,2500,bonds,mad_martini3001,BOND_000150,DAPA
COC=O,ccc,1,0.389,5000,bonds,martini3_small_molecules_repo,BOND_000152,MBZOA
C[NH]C=O,CC(O)C,1,0.3,7500,bonds,martini3_proteins_release,BOND_000160,HYP
C,C[N+](C)C,1,0.52,2500,bonds,martini3_ionizable_lipids_repo,BOND_000166,A3D
C[NH]C=O,CCC(=O)[O-],1,0.4,5000,bonds,martini3_proteins_release,BOND_000171,GLU
C[NH]C=O,CCCC,1,0.341,1000000,bonds,martini3_proteins_release,BOND_000172,ILE
C[NH]C=O,CCCC,1,0.341,constraint,constraints,martini3_proteins_release,BOND_000174,ILE
C[NH]C=O,c1ccccc1,1,0.325,7500,bonds,martini3_proteins_release,BOND_000176,PHE
C[N+](C)C,CNC=O,1,0.37,5000,bonds,martini3_ionizable_lipids_repo,BOND_000177,CA
C[N+](C)C,CNC=O,1,0.47,5000,bonds,martini3_ionizable_lipids_repo,BOND_000178,CA
C[NH]C=O,OCC,1,0.305,1000000,bonds,martini3_proteins_release,BOND_000179,THR
C[NH]C=O,OCC,1,0.305,constraint,constraints,martini3_proteins_release,BOND_000180,THR
C[N+](C)C,CNC=O,1,0.32,5000,bonds,martini3_ionizable_lipids_repo,BOND_000182,CP
C[N+](C)C,CNC=O,1,0.4,5000,bonds,martini3_ionizable_lipids_repo,BOND_000183,CP
C[NH]C=O,CC(=O)[O-],1,0.352,7500,bonds,martini3_proteins_release,BOND_000184,ASP
C[NH]C=O,c1ccc2[nH]ccc2c1,1,0.315,5000,bonds,martini3_proteins_release,BOND_000185,TRP
C[NH]C=O,c1[nH+]cc[nH]1,1,0.336,7500,bonds,martini3_proteins_release,BOND_000187,HIH
OP(=O)([O-])O,COC=O,1,0.354,1750,bonds,martini3_lipidome_repo,BOND_000208,POP5
OP(=O)([O-])O,COC=O,1,0.358,2000,bonds,martini3_lipidome_repo,BOND_000209,POP7
OP(=O)([O-])O,COC=O,1,0.363,1750,bonds,martini3_lipidome_repo,BOND_000210,POP2
OP(=O)([O-])O,COC=O,1,0.368,2250,bonds,martini3_lipidome_repo,BOND_000211,PLPI
OP(=O)([O-])O,COC=O,1,0.36,1700,bonds,martini3_lipidome_repo,BOND_000212,POP6
OP(=O)([O-])O,COC=O,1,0.36,1800,bonds,martini3_lipidome_repo,BOND_000213,POP1
OP(=O)([O-])O,COC=O,1,0.36,2000,bonds,martini3_lipidome_repo,BOND_000214,POP3
OP(=O)([O-])O,COC=O,1,0.36,2250,bonds,martini3_lipidome_repo,BOND_000215,POP4
OP(=O)([O-])O,COC=O,1,0.42,1350,bonds,mad_martini3001,BOND_000216,DAPA
OP(=O)([O-])O,COC=O,1,0.507,1000,bonds,martini3_lipidome_repo,BOND_000217,POP6
OP(=O)([O-])O,COC=O,1,0.515,1000,bonds,martini3_lipidome_repo,BOND_000218,POP1
OP(=O)([O-])O,COC=O,1,0.518,600,bonds,martini3_lipidome_repo,BOND_000219,PLPI
OP(=O)([O-])O,COC=O,1,0.518,900,bonds,martini3_lipidome_repo,BOND_000220,POP7
OP(=O)([O-])O,COC=O,1,0.51,900,bonds,martini3_lipidome_repo,BOND_000221,POP3
OP(=O)([O-])O,COC=O,1,0.52,1000,bonds,martini3_lipidome_repo,BOND_000222,POP2
OP(=O)([O-])O,COC=O,1,0.52,600,bonds,martini3_lipidome_repo,BOND_000223,POP5
OP(=O)([O-])O,COC=O,1,0.52,800,bonds,martini3_lipidome_repo,BOND_000224,POP4
CCC,CCC,1,0.455,5000,bonds,martini3_ionizable_lipids_repo,BOND_000239,M3
CO,CCC,1,0.37,5000,bonds,martini3_ionizable_lipids_repo,BOND_000241,DNNE
COC=O,CCC,1,0.47,5000,bonds,martini3_ionizable_lipids_repo,BOND_000243,DNDP
NC(=O)O,CC(C)C,1,0.314,25000,bonds,martini3_small_molecules_repo,BOND_000244,NBAPH
CCC,CCC,1,0.36,5000,bonds,martini3_small_molecules_repo,BOND_000249,3HT
CCC,COC=O,1,0.43,3000,bonds,martini3_ionizable_lipids_repo,BOND_000259,DBNE
CCC,COC=O,1,0.43,5000,bonds,martini3_ionizable_lipids_repo,BOND_000260,DLDMAH
O=CO,CCC,1,0.32,7500,bonds,martini3_small_molecules_repo,BOND_000261,PBZOA
CC(=O)O,CCC,1,0.365,5000,bonds,martini3_ionizable_lipids_repo,BOND_000262,DBM3
NC(=O)O,CCC,1,0.321,25000,bonds,martini3_small_molecules_repo,BOND_000271,CLPR
ccc,CCC,1,0.34,5000,bonds,martini3_small_molecules_repo,BOND_000278,PBEN
cc,CCC,1,0.285,constraint,constraints,martini3_small_molecules_repo,BOND_000279,3HT
C[N+](C)C,CCC,1,0.4,4000,bonds,martini3_ionizable_lipids_repo,BOND_000280,DBNE
COC=O,CCC,1,0.34,5000,bonds,martini3_ionizable_lipids_repo,BOND_000282,KP
CO,CCC,1,0.47,5000,bonds,martini3_ionizable_lipids_repo,BOND_000283,KP
COC=O,CCC,1,0.37,5000,bonds,martini3_ionizable_lipids_repo,BOND_000285,B1
CC(C)C,CC,1,0.37,5000,bonds,martini3_small_molecules_repo,BOND_000288,MCYPE
CCC,CCC,1,0.378,5000,bonds,martini3_small_molecules_repo,BOND_000289,CHEX
C=CC,CCC,1,0.36,5000,bonds,martini3_small_molecules_repo,BOND_000291,CHEXE
C=CC,CCC,1,0.377,5000,bonds,martini3_small_molecules_repo,BOND_000292,CHEXE
COC,CCC,1,0.329,5000,bonds,martini3_small_molecules_repo,BOND_000296,THP
COC,CCC,1,0.38,5000,bonds,martini3_small_molecules_repo,BOND_000297,THP
CNC,CCC,1,0.378,5000,bonds,martini3_small_molecules_repo,BOND_000298,PIPER
CCO,CCC,1,0.331,5000,bonds,martini3_small_molecules_repo,BOND_000299,CYPOL
C[NH]C=O,CCC,1,0.33,7500,bonds,martini3_proteins_release,BOND_000301,PRO
C[NH]C=O,CC(C),1,0.292,1000000,bonds,martini3_proteins_release,BOND_000302,VAL
C[NH]C=O,CC(C),1,0.292,constraint,constraints,martini3_proteins_release,BOND_000303,VAL
CCC,NC(N)=[NH2+],1,0.38,5000,bonds,martini3_proteins_release,BOND_000304,ARG
CC,CCC,1,0.303,5000,bonds,martini3_small_molecules_repo,BOND_000306,CYPE
CC,CCC,1,0.31,5000,bonds,martini3_small_molecules_repo,BOND_000308,CYPE
CCC,ccc,1,0.31,20000,bonds,martini3_small_molecules_repo,BOND_000309,CUME
COC,CCCC,1,0.261,5000,bonds,martini3_small_molecules_repo,BOND_000312,THF
COC,CCCC,1,0.29,5000,bonds,martini3_small_molecules_repo,BOND_000313,THF
CCCC,CC(C)=O,1,0.3,5000,bonds,martini3_small_molecules_repo,BOND_000314,CYPO
CCCC,CC(C)=O,1,0.321,5000,bonds,martini3_small_molecules_repo,BOND_000315,CYPO
CNC,CCCC,1,0.261,5000,bonds,martini3_small_molecules_repo,BOND_000316,PYLI
CNC,CCCC,1,0.29,5000,bonds,martini3_small_molecules_repo,BOND_000317,PYLI
ccC,ccC,1,0.331,constraint,constraints,martini3_small_molecules_repo,BOND_000320,OXYLE
ccC,ccC,1,0.367,constraint,constraints,martini3_small_molecules_repo,BOND_000321,MESI
ccC,ccC,1,0.407,constraint,constraints,martini3_small_molecules_repo,BOND_000322,MESI
ccC,ccC,1,0.429,constraint,constraints,martini3_small_molecules_repo,BOND_000323,MXYLE
ccC,ccC,1,0.43,constraint,constraints,martini3_small_molecules_repo,BOND_000324,MXYLE
cc(c)C,cc(c)C,1,0.45,constraint,constraints,martini3_small_molecules_repo,BOND_000325,2NIMX
C=CC,C=CC,1,0.477,constraint,constraints,martini3_small_molecules_repo,BOND_000326,DMBZQ
O=[N+][O-],cc(c)C,1,0.281,constraint,constraints,martini3_small_molecules_repo,BOND_000327,2NITL
O=[N+][O-],cc(c)C,1,0.304,constraint,constraints,martini3_small_molecules_repo,BOND_000328,2NIMX
ccCl,ccC,1,0.326,constraint,constraints,martini3_small_molecules_repo,BOND_000330,CLTL
c1ccccc1,c1ccccc1,1,0.34,1000000,bonds,martini3_proteins_release,BOND_000333,PHE
ccC,cc,1,0.226,constraint,constraints,martini3_small_molecules_repo,BOND_000334,2MPYR
cc(c)C,ccc,1,0.281,constraint,constraints,martini3_small_molecules_repo,BOND_000335,2NITL
ccC,cc,1,0.295,constraint,constraints,martini3_small_molecules_repo,BOND_000336,2MPYR
cc(c)C,ccc,1,0.33,constraint,constraints,martini3_small_molecules_repo,BOND_000337,TOLU
c1ccccc1,c1ccccc1,1,0.34,constraint,constraints,martini3_proteins_release,BOND_000338,PHE
ccC,cc,1,0.347,constraint,constraints,martini3_small_molecules_repo,BOND_000339,MXYLE
ccC,cc,1,0.35,constraint,constraints,martini3_small_molecules_repo,BOND_000340,MXYLE
cc(c)C,ccc,1,0.361,constraint,constraints,martini3_small_molecules_repo,BOND_000341,2NIMX
cc(c)C,ccc,1,0.369,constraint,constraints,martini3_small_molecules_repo,BOND_000342,2NITL
ccC,cc,1,0.377,constraint,constraints,martini3_small_molecules_repo,BOND_000343,CLTL
ccC,cc,1,0.38,constraint,constraints,martini3_small_molecules_repo,BOND_000344,OXYLE
ccC,cc,1,0.397,constraint,constraints,martini3_small_molecules_repo,BOND_000345,MNAP
ccC,cc,1,0.539,constraint,constraints,martini3_small_molecules_repo,BOND_000346,MNAP
C=O,C=CC,1,0.263,constraint,constraints,martini3_small_molecules_repo,BOND_000348,DMBZQ
ccC,cn,1,0.295,constraint,constraints,martini3_small_molecules_repo,BOND_000349,2MPYR
ccC,cn,1,0.331,constraint,constraints,martini3_small_molecules_repo,BOND_000350,2MPYR
C=O,C=CC,1,0.359,constraint,constraints,martini3_small_molecules_repo,BOND_000351,DMBZQ
CSC,CC,1,0.291,5000,bonds,martini3_small_molecules_repo,BOND_000389,THT
CSC,CC,1,0.32,5000,bonds,martini3_small_molecules_repo,BOND_000390,THT
cc(c)S,ccc,1,0.301,constraint,constraints,martini3_small_molecules_repo,BOND_000392,THPH
cc(c)S,ccc,1,0.34,constraint,constraints,martini3_small_molecules_repo,BOND_000393,THPH
CNC,ccc,1,0.322,constraint,constraints,martini3_small_molecules_repo,BOND_000396,DMAN
CNC,ccc,1,0.33,constraint,constraints,martini3_small_molecules_repo,BOND_000397,DMAN
CN(C)C,CN(C)C,1,0.268,constraint,constraints,martini3_core_release,BOND_000398,ADEN
CN(C)C,CN(C)C,1,0.255,constraint,constraints,martini3_core_release,BOND_000400,CYTO
CN(C)C,CN(C)C,1,0.286,constraint,constraints,martini3_core_release,BOND_000401,THYM
CN(C)C,CN(C)C,1,0.29,constraint,constraints,martini3_core_release,BOND_000402,URAC
CN(C)C,CN(C)C,1,0.566,constraint,constraints,martini3_core_release,BOND_000407,GUAN
cOC,cC,1,0.383,constraint,constraints,martini3_small_molecules_repo,BOND_000408,OMA
cc,cOC,1,0.364,25000,bonds,martini3_small_molecules_repo,BOND_000409,4NIAN
cOC,cc,1,0.315,constraint,constraints,martini3_small_molecules_repo,BOND_000410,BRA
cOC,cc,1,0.331,constraint,constraints,martini3_small_molecules_repo,BOND_000411,OMA
cOC,COC,1,0.33,17000,bonds,martini3_small_molecules_repo,BOND_000414,TDMBI
cc,cOC,1,0.33,10000,bonds,martini3_small_molecules_repo,BOND_000417,TDMBI
COC,COC,1,0.286,5000,bonds,martini3_small_molecules_repo,BOND_000418,DIOX
COC,COC,1,0.3,5000,bonds,martini3_small_molecules_repo,BOND_000419,DIOX
C[N+](C)C,COC=O,1,0.43,3000,bonds,martini3_ionizable_lipids_repo,BOND_000420,DBDT
O=[N+][O-],ccc,1,0.284,constraint,constraints,martini3_small_molecules_repo,BOND_000422,NIBZ
O=[N+][O-],ccc,1,0.317,constraint,constraints,martini3_small_molecules_repo,BOND_000423,2NITL
O=[N+][O-],cc,1,0.366,constraint,constraints,martini3_small_molecules_repo,BOND_000424,4NIAN
C[N+](C)C,COC=O,1,0.35,5000,bonds,martini3_ionizable_lipids_repo,BOND_000425,B1
C[N+](C)C,CO,1,0.37,5000,bonds,martini3_ionizable_lipids_repo,BOND_000426,B1
COC,COC,1,0.37,2500,bonds,martini3_ionizable_lipids_repo,BOND_000429,DMG
COC,CC(=O)O,1,0.37,5000,bonds,martini3_ionizable_lipids_repo,BOND_000430,DMG
CO,CCO,1,0.31,5000,bonds,martini3_ionizable_lipids_repo,BOND_000431,ALC
CC(=O)O,COC=O,1,0.35,4000,bonds,martini3_ionizable_lipids_repo,BOND_000437,DMG
CC(=O)O,COC=O,1,0.37,5000,bonds,martini3_ionizable_lipids_repo,BOND_000438,Ester
CCCC,CC(=O)O,1,0.365,5000,bonds,martini3_ionizable_lipids_repo,BOND_000444,DBM3
ccc,O=CO,1,0.285,constraint,constraints,martini3_small_molecules_repo,BOND_000447,PBZOA
CC=O,ccc,1,0.319,constraint,constraints,martini3_small_molecules_repo,BOND_000448,ACPH
CC=O,ccc,1,0.327,constraint,constraints,martini3_small_molecules_repo,BOND_000449,ACPH
C,C[N+](C)C,1,0.34,5000,bonds,martini3_ionizable_lipids_repo,BOND_000451,DBS1
CC,OCO,1,0.253,5000,bonds,martini3_small_molecules_repo,BOND_000453,DXLA
cc(c)N,ccc,1,0.295,constraint,constraints,martini3_small_molecules_repo,BOND_000458,ANIL
cc(c)N,ccc,1,0.312,constraint,constraints,martini3_small_molecules_repo,BOND_000459,ANIL
ccO,ccO,1,0.325,constraint,constraints,martini3_small_molecules_repo,BOND_000460,BZDOL
ccO,NC(=O)O,1,0.281,25000,bonds,martini3_small_molecules_repo,BOND_000471,NBAPH
cc(c)O,ccc,1,0.285,constraint,constraints,martini3_small_molecules_repo,BOND_000480,PHEN
cc(c)O,ccc,1,0.29,constraint,constraints,martini3_small_molecules_repo,BOND_000481,PHEN
cc,ccO,1,0.293,constraint,constraints,martini3_small_molecules_repo,BOND_000482,NBAPH
cc(c)O,ccc,1,0.295,constraint,constraints,martini3_small_molecules_repo,BOND_000483,PHEN
ccO,cc,1,0.32,constraint,constraints,martini3_small_molecules_repo,BOND_000484,BZDOL
ccO,cc,1,0.331,constraint,constraints,martini3_small_molecules_repo,BOND_000485,IOPHE
cc,ccO,1,0.345,constraint,constraints,martini3_small_molecules_repo,BOND_000486,NBAPH
ccI,ccO,1,0.297,constraint,constraints,martini3_small_molecules_repo,BOND_000487,IOPHE
C[NH]C=O,CC,1,0.27,constraint,constraints,martini3_proteins_release,BOND_000537,ALA
cc,NC(=O)O,1,0.272,25000,bonds,martini3_small_molecules_repo,BOND_000538,CLPR
cc,NC(=O)O,1,0.387,25000,bonds,martini3_small_molecules_repo,BOND_000539,NBAPH
cc,NC(=O)O,1,0.408,25000,bonds,martini3_small_molecules_repo,BOND_000540,CLPR
ccBr,ccBr,1,0.318,constraint,constraints,martini3_small_molecules_repo,BOND_000568,DBRBZ
ccBr,cc,1,0.309,constraint,constraints,martini3_small_molecules_repo,BOND_000569,DBRBZ
ccBr,cc,1,0.31,constraint,constraints,martini3_small_molecules_repo,BOND_000570,BRBZ
ccCl,ccCl,1,0.313,constraint,constraints,martini3_small_molecules_repo,BOND_000571,DCLBZ
ccCl,ccCl,1,0.316,constraint,constraints,martini3_small_molecules_repo,BOND_000572,TCLBZ
ccCl,ccCl,1,0.324,constraint,constraints,martini3_small_molecules_repo,BOND_000573,DCLBZ
ccCl,cc,1,0.264,constraint,constraints,martini3_small_molecules_repo,BOND_000574,CLPR
ccCl,cc,1,0.305,constraint,constraints,martini3_small_molecules_repo,BOND_000575,CNAP
ccCl,cc,1,0.306,constraint,constraints,martini3_small_molecules_repo,BOND_000576,CLPR
cc(c)Cl,ccc,1,0.31,constraint,constraints,martini3_small_molecules_repo,BOND_000577,CLBZ
ccCl,cc,1,0.316,constraint,constraints,martini3_small_molecules_repo,BOND_000578,DCLBZ
cc(c)Cl,ccc,1,0.32,constraint,constraints,martini3_small_molecules_repo,BOND_000579,CLBZ
ccCl,cc,1,0.422,constraint,constraints,martini3_small_molecules_repo,BOND_000580,CNAP
ccCl,cc,1,0.517,constraint,constraints,martini3_small_molecules_repo,BOND_000581,CNAP
FC(F)F,ccc,1,0.284,constraint,constraints,martini3_small_molecules_repo,BOND_000582,BZTF
FC(F)F,ccc,1,0.3,constraint,constraints,martini3_small_molecules_repo,BOND_000583,BZTF
C[N+](C)C,CCCC,1,0.34,5000,bonds,martini3_ionizable_lipids_repo,BOND_000585,DBK2
CCCC,COC=O,1,0.34,5000,bonds,martini3_ionizable_lipids_repo,BOND_000586,KP
CC,cc,1,0.261,25000,bonds,martini3_small_molecules_repo,BOND_000593,ENAPH
CC,cc,1,0.376,25000,bonds,martini3_small_molecules_repo,BOND_000594,ENAPH
ccc,CC,1,0.32,constraint,constraints,martini3_small_molecules_repo,BOND_000595,EBEN
c1ccccc1,c1ccccc1,1,0.3,1000000,bonds,martini3_proteins_release,BOND_000603,TYR
c1ccc2[nH]ccc2c1,c1ccc2[nH]ccc2c1,1,0.404,1000000,bonds,martini3_proteins_release,BOND_000604,TRP
cc,cC,1,0.285,constraint,constraints,martini3_small_molecules_repo,BOND_000605,NDMBI
c1ccccc1,c1ccccc1,1,0.3,constraint,constraints,martini3_proteins_release,BOND_000606,TYR
cC,cc,1,0.324,constraint,constraints,martini3_small_molecules_repo,BOND_000607,OMA
cc,cC,1,0.328,constraint,constraints,martini3_small_molecules_repo,BOND_000608,PCYM
cc,cC,1,0.404,constraint,constraints,martini3_small_molecules_repo,BOND_000609,MIND
cC,cc,1,0.436,constraint,constraints,martini3_small_molecules_repo,BOND_000610,OMA
CN,cC,1,0.25,25000,bonds,martini3_small_molecules_repo,BOND_000611,NDMBI
c1ncc[nH]1,c1ncc[nH]1,1,0.3,1000000,bonds,martini3_proteins_release,BOND_000612,HIS
cn,cC,1,0.297,constraint,constraints,martini3_small_molecules_repo,BOND_000613,4MIMI
cn,cC,1,0.3,constraint,constraints,martini3_small_molecules_repo,BOND_000614,4MIMI
c1[nH+]cc[nH]1,c1[nH+]cc[nH]1,1,0.32,1000000,bonds,martini3_proteins_release,BOND_000615,HIH
c1ccc2[nH]ccc2c1,c1ccc2[nH]ccc2c1,1,0.335,1000000,bonds,martini3_proteins_release,BOND_000616,TRP
cn,cC,1,0.32,constraint,constraints,martini3_small_molecules_repo,BOND_000617,4MIMI
cn,cC,1,0.326,constraint,constraints,martini3_small_molecules_repo,BOND_000618,4MIMI
cC,cn,1,0.335,constraint,constraints,martini3_small_molecules_repo,BOND_000619,MIND
c1[nH+]cc[nH]1,c1[nH+]cc[nH]1,1,0.3,1000000,bonds,martini3_proteins_release,BOND_000620,HIH
c1[nH+]cc[nH]1,c1[nH+]cc[nH]1,1,0.3,constraint,constraints,martini3_proteins_release,BOND_000621,HIH
CO,cc,1,0.25,25000,bonds,martini3_small_molecules_repo,BOND_000622,XNAPH
CO,cc,1,0.401,25000,bonds,martini3_small_molecules_repo,BOND_000623,XNAPH
cc,cc,1,0.255,constraint,constraints,martini3_small_molecules_repo,BOND_000629,ENAPH
cc,cc,1,0.447,constraint,constraints,martini3_small_molecules_repo,BOND_000630,ENAPH
cc,cc,1,0.505,constraint,constraints,martini3_small_molecules_repo,BOND_000631,XNAPH
cc,cc,1,0.511,constraint,constraints,martini3_small_molecules_repo,BOND_000632,ENAPH
c1ccccc1,c1ccccc1,1,0.29,1000000,bonds,martini3_proteins_release,BOND_000634,PHE
c1ccc2[nH]ccc2c1,c1ccc2[nH]ccc2c1,1,0.293,1000000,bonds,martini3_proteins_release,BOND_000635,TRP
ccc,ccc,1,0.246,constraint,constraints,martini3_small_molecules_repo,BOND_000637,DMAN
ccc,ccc,1,0.248,constraint,constraints,martini3_small_molecules_repo,BOND_000638,BEAL
cc,cc,1,0.25,constraint,constraints,martini3_small_molecules_repo,BOND_000639,2T
cc,cc,1,0.26,constraint,constraints,martini3_small_molecules_repo,BOND_000640,FURA
cc,cc,1,0.261,constraint,constraints,martini3_small_molecules_repo,BOND_000641,FURA
ccc,ccc,1,0.263,constraint,constraints,martini3_small_molecules_repo,BOND_000642,XBZ
ccc,ccc,1,0.264,constraint,constraints,martini3_small_molecules_repo,BOND_000643,ACPH
cc,cc,1,0.265,constraint,constraints,martini3_small_molecules_repo,BOND_000644,BRA
cc,cc,1,0.266,constraint,constraints,martini3_small_molecules_repo,BOND_000645,PYRR
cc,cc,1,0.277,constraint,constraints,martini3_small_molecules_repo,BOND_000646,3HT
cc,cc,1,0.28,constraint,constraints,martini3_small_molecules_repo,BOND_000647,2T
ccc,ccc,1,0.281,constraint,constraints,martini3_small_molecules_repo,BOND_000648,NIBZ
cc,cc,1,0.283,constraint,constraints,martini3_small_molecules_repo,BOND_000649,PYRI
ccc,ccc,1,0.284,constraint,constraints,martini3_small_molecules_repo,BOND_000650,NIBZ
ccc,ccc,1,0.285,constraint,constraints,martini3_small_molecules_repo,BOND_000651,ACPH
cc,cc,1,0.286,constraint,constraints,martini3_small_molecules_repo,BOND_000652,ENAPH
ccc,ccc,1,0.287,constraint,constraints,martini3_small_molecules_repo,BOND_000653,CLBZ
cc,cc,1,0.288,constraint,constraints,martini3_small_molecules_repo,BOND_000654,OMA
ccc,ccc,1,0.289,constraint,constraints,martini3_small_molecules_repo,BOND_000655,ANIL
ccc,ccc,1,0.29,constraint,constraints,martini3_small_molecules_repo,BOND_000656,BEAL
cc,cc,1,0.291,constraint,constraints,martini3_small_molecules_repo,BOND_000657,BZTH
cc,cc,1,0.292,constraint,constraints,martini3_small_molecules_repo,BOND_000658,BZTA
cc,cc,1,0.293,constraint,constraints,martini3_small_molecules_repo,BOND_000659,INDA
cc,cc,1,0.294,constraint,constraints,martini3_small_molecules_repo,BOND_000660,NAPH
ccc,ccc,1,0.295,constraint,constraints,martini3_small_molecules_repo,BOND_000661,PHEN
cc,cc,1,0.296,constraint,constraints,martini3_small_molecules_repo,BOND_000662,BZIM
cc,cc,1,0.298,constraint,constraints,martini3_small_molecules_repo,BOND_000663,MINDA
cc,cc,1,0.3,constraint,constraints,martini3_small_molecules_repo,BOND_000664,PCRE
cc,cc,1,0.301,constraint,constraints,martini3_small_molecules_repo,BOND_000665,CLPR
cc,cc,1,0.305,constraint,constraints,martini3_small_molecules_repo,BOND_000666,ANTH
cC,cc,1,0.33,constraint,constraints,martini3_small_molecules_repo,BOND_000667,PXYLE
cc,cC,1,0.332,constraint,constraints,martini3_small_molecules_repo,BOND_000668,PCRE
cc,cc,1,0.336,constraint,constraints,martini3_small_molecules_repo,BOND_000669,PXYLE
cc,cc,1,0.337,constraint,constraints,martini3_small_molecules_repo,BOND_000670,4NIAN
cc,cc,1,0.338,constraint,constraints,martini3_small_molecules_repo,BOND_000671,PCRE
C=C,C=C,1,0.344,constraint,constraints,martini3_small_molecules_repo,BOND_000672,BZQU
C=C,ccc,1,0.345,constraint,constraints,martini3_small_molecules_repo,BOND_000673,STYR
ccc,ccc,1,0.362,constraint,constraints,martini3_small_molecules_repo,BOND_000674,2NITL
C=C,ccc,1,0.385,constraint,constraints,martini3_small_molecules_repo,BOND_000676,STYR
cc,cc,1,0.409,constraint,constraints,martini3_small_molecules_repo,BOND_000677,ANTH
cc,cc,1,0.413,constraint,constraints,martini3_small_molecules_repo,BOND_000678,CNAP
cc,cc,1,0.414,constraint,constraints,martini3_small_molecules_repo,BOND_000679,QUIN
cc,cc,1,0.416,constraint,constraints,martini3_small_molecules_repo,BOND_000680,ENAPH
cc,cc,1,0.42,constraint,constraints,martini3_small_molecules_repo,BOND_000681,THPY
cc,cc,1,0.426,constraint,constraints,martini3_small_molecules_repo,BOND_000682,BZTH
cc,cc,1,0.453,constraint,constraints,martini3_small_molecules_repo,BOND_000683,THPY
cc,cc,1,0.488,constraint,constraints,martini3_small_molecules_repo,BOND_000684,BZTH
cc,cc,1,0.509,constraint,constraints,martini3_small_molecules_repo,BOND_000685,ANTH
cc,cc,1,0.901,constraint,constraints,martini3_small_molecules_repo,BOND_000686,TECE
cc,cc,1,0.948,constraint,constraints,martini3_small_molecules_repo,BOND_000687,TECE
s,cc,1,0.24,constraint,constraints,martini3_small_molecules_repo,BOND_000688,BZTH
s,cc,1,0.241,constraint,constraints,martini3_small_molecules_repo,BOND_000689,2T
s,cc,1,0.243,constraint,constraints,martini3_small_molecules_repo,BOND_000690,3HT
s,cc,1,0.244,constraint,constraints,martini3_small_molecules_repo,BOND_000691,THAZ
s,cc,1,0.257,constraint,constraints,martini3_small_molecules_repo,BOND_000692,2T
s,cc,1,0.27,constraint,constraints,martini3_small_molecules_repo,BOND_000693,2T
s,cc,1,0.28,constraint,constraints,martini3_small_molecules_repo,BOND_000694,THPY
cc,s,1,0.365,constraint,constraints,martini3_small_molecules_repo,BOND_000695,BZTH
cc,s,1,0.367,constraint,constraints,martini3_small_molecules_repo,BOND_000696,BZTA
s,cc,1,0.453,constraint,constraints,martini3_small_molecules_repo,BOND_000697,THPY
nn,cc,1,0.245,constraint,constraints,martini3_small_molecules_repo,BOND_000698,PYAZ
Cn,cc,1,0.315,constraint,constraints,martini3_small_molecules_repo,BOND_000699,1MIMI
Cn,cc,1,0.325,constraint,constraints,martini3_small_molecules_repo,BOND_000700,1MIMI
cc,CN,1,0.347,constraint,constraints,martini3_small_molecules_repo,BOND_000701,NDMBI
cc,CN,1,0.47,constraint,constraints,martini3_small_molecules_repo,BOND_000702,NDMBI
CO,ccc,1,0.32,25000,bonds,martini3_small_molecules_repo,BOND_000703,XBZ
o,cc,1,0.204,constraint,constraints,martini3_small_molecules_repo,BOND_000704,FURA
o,cc,1,0.24,constraint,constraints,martini3_small_molecules_repo,BOND_000705,FURA
cc,Cn,1,0.39,constraint,constraints,martini3_small_molecules_repo,BOND_000706,MINDA
cc,Cn,1,0.541,constraint,constraints,martini3_small_molecules_repo,BOND_000707,MINDA
C#N,ccc,1,0.298,constraint,constraints,martini3_small_molecules_repo,BOND_000708,BZNI
C=O,ccc,1,0.316,constraint,constraints,martini3_small_molecules_repo,BOND_000709,BEAL
cc,cn,1,0.362,constraint,constraints,martini3_small_molecules_repo,BOND_000710,BZIM
cc,cn,1,0.373,constraint,constraints,martini3_small_molecules_repo,BOND_000711,INDA
cc,cn,1,0.382,constraint,constraints,martini3_small_molecules_repo,BOND_000712,MINDA
cc,cn,1,0.357,constraint,constraints,martini3_small_molecules_repo,BOND_000713,BZIM
cc,nn,1,0.369,constraint,constraints,martini3_small_molecules_repo,BOND_000714,INDA
cc,cn,1,0.447,constraint,constraints,martini3_small_molecules_repo,BOND_000715,BZIM
cc,nn,1,0.454,constraint,constraints,martini3_small_molecules_repo,BOND_000716,INDA
n,cc,1,0.247,constraint,constraints,martini3_small_molecules_repo,BOND_000717,IMID
cn,cc,1,0.263,constraint,constraints,martini3_small_molecules_repo,BOND_000718,PYMI
n,cc,1,0.265,constraint,constraints,martini3_small_molecules_repo,BOND_000719,IMID
cn,cc,1,0.29,constraint,constraints,martini3_small_molecules_repo,BOND_000720,PYMI
cn,cc,1,0.233,constraint,constraints,martini3_small_molecules_repo,BOND_000722,PYRI
cn,cc,1,0.257,constraint,constraints,martini3_small_molecules_repo,BOND_000723,NAPY
cn,cc,1,0.26,constraint,constraints,martini3_small_molecules_repo,BOND_000724,1MIMI
C=O,C=C,1,0.268,constraint,constraints,martini3_small_molecules_repo,BOND_000725,BZQU
cn,cc,1,0.27,constraint,constraints,martini3_small_molecules_repo,BOND_000726,1MIMI
cn,cc,1,0.275,constraint,constraints,martini3_small_molecules_repo,BOND_000727,2MPYR
cn,cc,1,0.276,constraint,constraints,martini3_small_molecules_repo,BOND_000728,THAZ
cn,cc,1,0.285,constraint,constraints,martini3_small_molecules_repo,BOND_000729,2MPYR
cn,cc,1,0.3,constraint,constraints,martini3_small_molecules_repo,BOND_000730,THPY
cn,cc,1,0.428,constraint,constraints,martini3_small_molecules_repo,BOND_000731,NAPY
cc,cn,1,0.434,constraint,constraints,martini3_small_molecules_repo,BOND_000732,BZTA
cc,cn,1,0.481,constraint,constraints,martini3_small_molecules_repo,BOND_000733,BZTA
cn,cc,1,0.503,constraint,constraints,martini3_small_molecules_repo,BOND_000734,QUIN
c1ccc2[nH]ccc2c1,c1ccc2[nH]ccc2c1,1,0.412,1000000,bonds,martini3_proteins_release,BOND_000735,TRP
c1ccc2[nH]ccc2c1,c1ccc2[nH]ccc2c1,1,0.47,1000000,bonds,martini3_proteins_release,BOND_000736,TRP
n,cc,1,0.244,constraint,constraints,martini3_small_molecules_repo,BOND_000737,PYRR
cn,cc,1,0.262,constraint,constraints,martini3_small_molecules_repo,BOND_000739,IMID
cc,cn,1,0.412,constraint,constraints,martini3_small_molecules_repo,BOND_000742,MIND
cc,cn,1,0.47,constraint,constraints,martini3_small_molecules_repo,BOND_000744,MIND
c1ccccc1,c1ccccc1O,1,0.285,1000000,bonds,martini3_proteins_release,BOND_000751,TYR
cO,cc,1,0.285,constraint,constraints,martini3_small_molecules_repo,BOND_000752,PCRE
cO,cc,1,0.298,constraint,constraints,martini3_small_molecules_repo,BOND_000753,PCRE
cc,cBr,1,0.33,constraint,constraints,martini3_small_molecules_repo,BOND_000755,BRA
cc(c)I,ccc,1,0.314,constraint,constraints,martini3_small_molecules_repo,BOND_000756,IOBZ
ccI,cc,1,0.315,constraint,constraints,martini3_small_molecules_repo,BOND_000757,IOPHE
s,cn,1,0.21,constraint,constraints,martini3_small_molecules_repo,BOND_000760,BZTA
cn,s,1,0.214,constraint,constraints,martini3_small_molecules_repo,BOND_000761,THAZ
s,cn,1,0.32,constraint,constraints,martini3_small_molecules_repo,BOND_000762,THPY
CN,CN,1,0.352,constraint,constraints,martini3_small_molecules_repo,BOND_000763,NDMBI
Cn,Cn,1,0.474,constraint,constraints,martini3_small_molecules_repo,BOND_000764,CAFF
Cn,Cn,1,0.555,constraint,constraints,martini3_small_molecules_repo,BOND_000765,CAFF
cn,Cn,1,0.283,constraint,constraints,martini3_small_molecules_repo,BOND_000768,CAFF
Cn,cn,1,0.405,constraint,constraints,martini3_small_molecules_repo,BOND_000769,CAFF
Cn,cn,1,0.599,constraint,constraints,martini3_small_molecules_repo,BOND_000770,CAFF
Cn,cn,1,0.285,constraint,constraints,martini3_small_molecules_repo,BOND_000771,1MIMI
cn,Cn,1,0.345,constraint,constraints,martini3_small_molecules_repo,BOND_000773,MINDA
COC=O,CO,1,0.34,5000,bonds,martini3_ionizable_lipids_repo,BOND_000777,KP
cn,cn,1,0.204,constraint,constraints,martini3_small_molecules_repo,BOND_000778,BZIM
cn,nn,1,0.249,constraint,constraints,martini3_small_molecules_repo,BOND_000779,INDA
cn,cn,1,0.263,constraint,constraints,martini3_small_molecules_repo,BOND_000780,PYMI
c1ncc[nH]1,c1ncc[nH]1,1,0.27,1000000,bonds,martini3_proteins_release,BOND_000781,HIS
n,cn,1,0.207,constraint,constraints,martini3_small_molecules_repo,BOND_000782,IMID
cn,cn,1,0.261,constraint,constraints,martini3_small_molecules_repo,BOND_000783,4MIMI
n,cn,1,0.265,constraint,constraints,martini3_small_molecules_repo,BOND_000784,IMID
cn,cn,1,0.27,constraint,constraints,martini3_small_molecules_repo,BOND_000785,4MIMI
COC=O,CO,1,0.35,5000,bonds,martini3_ionizable_lipids_repo,BOND_000787,B1
cn,cn,1,0.504,constraint,constraints,martini3_small_molecules_repo,BOND_000789,NAPY
c1[nH+]cc[nH]1,c1[nH+]cc[nH]1,1,0.27,1000000,bonds,martini3_proteins_release,BOND_000792,HIH
c1[nH+]cc[nH]1,c1[nH+]cc[nH]1,1,0.27,constraint,constraints,martini3_proteins_release,BOND_000793,HIH
c1ccsc1,c1ccsc1,1,0.38,50000,bonds,martini3_small_molecules_repo,BOND_000810,2T
